"Codigo interno";"Código FONASA";"CONSULTAS Y ATENCION MEDICA";valor
2000;;Renina;60880
;303123;"Índice androgénico (incluye Testosterona Total y SHBG)";84480
7147;303030;"Estradiol (17-Beta)";
8423;101203;"Consulta Médica de Especialidad en Neurocirugía";20760
7757;101205;"Consulta Médica de Especialidad en Otorrinolaringología";83040
2778;1901001;"Exploración de uretra ántero-posterior con bujía y/o explorador olivar, y/o sonda, y/o Beniqué, y/o medición de residuo vesical (la calibración del meato esta incluída en el valor de la consulta)";29700
7780;101213;"Consulta Médica de Especialidad en Psiquiatría pediátrica y de la adolescencia";93420
2018;101300;"Consulta Médica otras Especialidades";51900
2018;1101043;"EEG digital 32 canales (con activaciones HV y FE) estándar o post privación de sueño de 20 a 30 minutos duración";190850
8731;101301;"Consulta Médica de Especialidad en Cardiología";62280
6600;101302;"Consulta Médica de Especialidad en Hematología";62280
8880;101315;"Consulta Médica de Especialidad en Cirugía de Tórax";103800
6642;101316;"Consulta Médica de Especialidad en Cirugía Plástica y Reparadora";72660
4933;101321;"Consulta Médica de Especialidad en Enfermedades Respiratorias Adulto";72660
8532;305029;"Inmunoglobulinas IgE, IgG específicas, c/u";22760
2286;307023;"Aspirados nasofaríngeo para adulto y niño.";10000
2286;102003;"Consulta o control por auxiliar de enfermería";900
2010;501102;"Cintigrafía  glándulas paratiroides (no incluye MIBI)";75580
5948;306051;"Graham, examen de (incluye diagnóstico de gusanos macroscópicos y examen microscópico de 5 muestras separadas)";6780
3316;103005;"Educación de grupo por enfermera";14600
4386;104003;"Visita a domicilio por auxiliar de enfermería";5840
8934;704017;"Parche de 5x5 cm (25 cm2 c/u) Piel de Donante";541860
8934;104005;"Visita a domicilio por matrona";15180
4333;403106;"Tomografía Computarizada de Angio Cardíaco. Mínimo 64 cortes";50520
7751;108209;"Teleconsulta Médica de Especialidad en Neurología Adultos";51780
9715;108213;"Teleconsulta Médica de Especialidad en Psiquiatría pediátrica y de la adolescencia";51780
9705;108304;"Teleconsulta Médica de Especialidad en Inmunología";17260
1939;108309;"Teleconsulta Médica de Especialidad en Pediatría";86300
6430;1201002;"Coordimetría, test de Hess u otro, unilateral";32700
7227;2104016-5;"**Artrotomía de codo, muñeca, tobillo o temporomandibular, c/u";2137400
8551;108317;"Teleconsulta Médica de Especialidad en Cirugía Pediátrica";25890
1720;108318;"Teleconsulta Médica de Especialidad en Cirugía Vascular Periférica";25890
4758;108333;"Teleconsulta Médica de Especialidad en Medicina Materno Fetal";34520
5267;702304;"Sangría (considera el cobro de una prestación por cada unidad de sangre extraída)";79040
4930;301011;"Coagulación, tiempo de";12640
6308;1602204-2;"Cabeza, cuello y genitales desde 4 y hasta 6 lesiones: extirpación, reparación o biopsia, total o parcial, de lesiones benignas cutáneas por excisión";159750
4513;301026;Ferritina;5820
8323;301028;"Fierro sérico";9040
8323;306047;"Coproparasitario seriado para Isospora y Sarcocystis (incluye diagnóstico de gusanos macroscópicos y examen  microscópico de 3 muestras separadas)";10260
9447;301035;"Haptoglobina cuantitativa";38790
8105;301036;"Hematocrito (proc. aut.)";3550
5936;301038;"Hemoglobina en sangre total (proc. aut.)";6390
9470;1302022-2;"**Biopsia buco-faríngea (proc. aut.)";222800
1584;308011;"Directo al fresco c/s tinción, (incluye trichomonas)";9480
1621;305049;"Transformación linfoblástica a drogas, análisis de transformación espontánea con estímulo inespecífico y con diferentes concentraciones de la droga en 1000 células";152880
6437;301063;"Recuento de eosinófilos (absoluto)";3880
4810;301066;"Recuento de linfocitos (absoluto)";8750
7484;301067;"Recuento de plaquetas (absoluto)";3750
7550;301092;"Proteína S";343100
7069;301097;"Inhibidor de factor de la coagulación";783900
7625;1803019-3;"Hemorroides, trombectomía (proc. aut.)";186960
1684;301099;"Tiempo de veneno de víbora de Russell diluído";208080
9230;301100;"Antitrombina III antigénica";313110
9230;302036;Fenilalanina;18080
8636;402032;"Instalación de catéter o sonda intracardíaca, control por radiólogo";128240
3295;1201019-1;"Exploración vitreorretinal, ambos ojos";67700
4977;302013;"Bilirrubina total y conjugada";1580
9565;302015;"Calcio en sangre";12500
3956;302024;"Clearance de creatinina (proc.aut.)";25600
7236;305039;"Fagocitosis: ingestión y digestión (killing) de bacterias por polimorfonucleares";117630
7236;1707015;"Medición de presión trans-diafragmática";29680
7236;302030;"Deshidrogenasa láctica total (LDH)";16380
8035;302039;"Fosfatasas alcalinas con separación de isoenzimas hepáticas, intestinales, óseas c/u";6190
3241;1701004;"Registro de haz de His, en adultos o niños";158000
3241;302042;"Fósforo (fosfatos) en sangre";9400
5170;302052;"Leucinaminopeptidasa (LAP)";22600
5170;2702102;"Radiografía Retroalveolar Unitaria Niño (por placa)";20150
1376;302053;"Lipasa en sangre";17430
6656;309017;"Hidroxiprolina en orina";43110
4990;1402019-3;"**Absceso parotídeo, sub-maxilar y/o cervical profundo, trat. quir.";1316320
5128;302089;"Lipoproteina (A)";144000
8459;306002;"Baciloscopía Ziehl-Neelsen, c/u";3640
2138;302096;"Tirosina cuantitativa en GSS";278300
7449;302121;"Test respiratorio de lactosa, lactulosa, fructuosa, c/u.";403500
3370;303001;"Adenocorticotrofina (ACTH)";8820
2101;303007;"Crecimiento, hormona de (HGH) (somatotrofina)";30440
1615;303009;Eritropoyetina;48690
5314;303048;"IGFBP3, IGFBP1 (Insulin Like Growth Factor Binding Proteins)  c/u";92260
6968;303020;"Prolactina (PRL)";56500
1653;303026;"Tiroxina libre (T4L)";45200
4807;303028;"Triyodotironina (T3)";44460
7637;304009;"Estudio de deleciones y duplicaciones por amplificación múltiple de sondas dependiente de ligación (MLPA)  (1 o varios genes) ";1135300
2155;306039;"Tíficas, reacciones de aglutinación  (Eberth H y O, paratyphi A y B) (Widal)";39900
8051;304016;"Cariotipo molecular (Hibridación Genómica Comparativa en Micromatrices) 60K (incluye la extracción de ADN)";4933440
5183;305005;"Anticuerpos antinucleares (ANA), antimitocondriales, anti DNA (ADNA), anti músculo liso, anticentrómero, u otros, c/u.";54320
4765;305070;"Antígeno prostático específico";100800
2450;305010;Beta-2-microglobulina;38100
8881;305030;"Proteína C reactiva por técnica de látex u otras similares";9620
3035;305084;"Anticuerpos anticardiolipinas (IgG, IgM), c/u";52320
8190;305100;"Proteina C ultrasensible";37650
8190;308014;"Físico-químico (incluye aspecto, color, pH, glucosa, proteína, Pandy y filancia)";20000
5089;1301038-2;"Cuerpo extraño extracción en hipofaringe y/o esófago (por tubo rígido) - En niños";79590
5393;305106;"Estudio inmunológico de diabetes (incluye determinación simultánea de anticuerpos anti-células de islotes (ICA), auto anticuerpo insulina nativa (IAA), anti-antígeno de insulinoma-2 (IA2) y anti-glutamato descarboxilasa (GADA).";525360
5785;305107;"Anticuerpos anti-MPO (mieloperoxidasa)";129350
3117;1301002;"Rinomanometría c/s vasocontrictor";7710
5165;2104021-7;"**Transplante óseo (auto u homotrasplante)";4079790
3462;305111;"Anticuerpo Anti HLA Clase I y II Screening (Luminex)";203370
4995;305117;"HLA-ABDR Tipificación  (Biología Molecular)";2124570
5372;305119;"HLA-C Tipificación  (Biología Molecular)";557100
8174;306104;"Tinción para campylobacter";43740
2046;306007;"Coprocultivo, c/u";13530
1509;1802051-9;"Operación de etapificación (incluye esplenectomía, biopsias hepáticas, de ganglios abdominales y de cresta ilíaca)";1870760
3489;306091;"Hemocultivo automatizado. Incluye Antibiograma con CIM";35820
3173;1101006;"Electroencefalograma (E.E.G.) standard y/o activado ""sin privación de sueño"" (incluye mono y bipolares, hiperventilación, c/s reactividad auditiva, visual, lumínica, por drogas u otras). Equipo de 8 canales";150120
4272;306053;"Hemoparásitos, diagnóstico microscópico de (mínimo 10 frotis y/o gotas gruesas, c/s examen directo al fresco), cada sesión";76560
9377;306026;"Antibiograma Corriente (mínimo 10 fármacos) (en caso de urocultivo no corresponde su cobro; incluido en el valor 03-06-011)";29700
5746;306027;"Antibiograma de estudio de sensibilidad por dilución (CIM) (mínimo 6 fármacos) (en caso de urocultivo, no corresponde su cobro; incluido en el valor código 03-06-011)";33320
1727;306097;"Chlamydia Trachomatis y Neisseria Gonorrhoeae detección por técnica de biología molecular";134280
1721;306090;"Test rápido de detección de streptococcus grupo A (Pyogenes)";11640
7357;306108;"Helicobacter pylori, detección en deposiciones, test rápido";35940
3675;1302033-6;"**Extirpación de  tumor benigno de la base de la lengua                                                                                      ";777840
4216;501116;"Spect hepatoesplénico, evaluación hemangioma o hiperplasia (incluye mediciones fase precoz y tardía)";793870
4216;306038;R.P.R.;28400
3728;306041;"Treponema pallidum FTA - ABS, MHA-TP c/u";42160
5503;306094;"Antígeno galactomanano";185840
7271;306115;"Legionella antígeno urinario";571840
7271;306169;"Anticuerpos virales, determ. de H.I.V.";47920
3320;306131;"Bordetella pertussis IgG, IgM en sangre";93000
8914;306043;"Artrópodos macroscópicos y microscópicos (imagos y/o pupas y/o larvas), diagnóstico de";9600
8914;1707014;"Medición de presión inspiratoria máxima (proc. aut.)";4810
3609;306046;"Coproparasitario seriado para fasciola hepática (incluye diagnóstico de gusanos macroscópicos y examen microscópico de 10 muestras por método de Telemann y simultáneamente por técnica de Sedimentación rápida (Copa Cónica)";133630
4878;306069;"Anticuerpos virales, determ. de (SARS  CoV-2  IgM, IgG), (adenovirus, citomegalovirus, herpes simple, rubéola, influenza  A y B; virus varicela-zoster; virus sincicial respiratorio; parainfluenza 1, 2 y 3; Epstein Barr , otros) c/u";48320
3512;1502037-7;"**Tratamiento quirúrgico de anomalías cráneo faciales";2378040
3512;1301026-2;"**Taponamiento nasal posterior";39840
1470;306074;"Virus Hepatitis A, anticuerpos IgG, IgM o totales c/u";16700
4525;1602201-2;"**Biopsia de piel y/o mucosa por curetaje o sección tangencial c/s electro por 1 lesión";181040
8734;501136;"Cintigrafía ósea completa planar";612450
4069;2104197-5;"Pie cavo, trat.quir. (cualquier técnica)";1496390
7632;306112;"VIH, anticuerpos y antígenos virales, determ. de H.I.V. ";130840
6804;306125;"Virus hepatitis C, genotipificación ";135910
6804;2702104;"Radiografía Bite-Wing Niño (por placa)";20150
2868;306128;"Rotavirus y adenovirus detección simultanea de por inmunocromatografia";49420
8479;306139;"Virus Hepatitis E, Anticuerpos IgM";777780
8986;306140;"Virus Hepatitis E, Anticuerpos IgG";435700
2813;1703018-10;"Puente fémoro-poplíteo";546600
2813;307001;"Dietilendiamina tetraacetato de sodio cromo (EDTA Cr 51)";44590
3332;307006;"Sobrecarga hídrica";12640
2215;403016;"Tomografía Computarizada de Pelvis (Además incluye Sacro, Coxis, Caderas, Huesos Pélvicos, Articulaciones Sacro Ilíacas). Bilateral";470960
7807;1902069-11;"Disección ganglionar lumboaórtica por cáncer testicular, cualquier vía o técnica, uni o bilateral o modificada.";5047600
7807;308001;"Azúcares reductores (Benedict-Fehling o similar)";1250
7709;308006;"pH en deposiciones";710
7355;308062;"Análisis inmunoquímico/inmunológico de sangre oculta en deposiciones";56880
9067;308009;"Células neoplásicas en fluidos biológicos";39960
1424;602001;"Atención integral de terapia ocupacional";29700
1424;308012;"Electrolitos (sodio, potasio, cloro), en exudados, secreciones y otros líquidos, c/u ";12640
4675;308019;"Proteínas, electroforésis de (incluye proteínas totales) en otros líquidos biológicos";53440
3038;308023;"Estudio de cristales (con luz polarizada)";6320
3038;401033;"Radiografía de Cráneo  proyección especial de  base de cráneo (Towne)";81200
8783;308029;"Espermiograma (físico y microscópico, con o sin observación hasta 24 horas)";26280
2892;308030;"Fosfatasa ácida prostática";16050
8595;308036;"Fosfatidil glicerol y/o fosfatidil inositol";49280
7779;308039;"Madurez fetal completa (físico; células anaranjadas, bilirrubina, test de Clements, creatinina, contaminantes)";57330
7375;1502066-6;"Escarectomía por cada 10% adicional (o su fracción) (Se cobrará cód. ad. una sóla vez por superficie entre el 11% y 50%).";573180
6652;308045;"Amilasa en Líquidos Biológicos";41040
3827;308046;"Lipasa en  Líquidos Biológicos";21070
7414;309005;"Acido 5 hidroxiindolacético cuantitativo";10640
7868;309006;"Amilasa cuantitativa en orina";16860
4124;309009;"Cálculo urinario (examen físico y químico)";44000
5690;309010;"Creatinina cuantitativa en orina";14220
2024;309028;"Proteína (cuantitativa), en orina";16470
1902;401010;"Mamografía bilateral";161700
4235;401001;"Radiografía de las glándulas salivales ""sialografía""";72870
1349;1902013-8;"Pielotomía exploradora y/o terapéutica (incluye la  pielostomía y/o pieloplastía)";2635020
1784;1801033-4;"Inyectoterapia hemostática, Hemostasia mecánica, Hemostasia térmica, Ligadura elástica";136240
1784;401071;"Mamografía bilateral digital 3D con tomosíntesis";73440
4656;401024;"Radiografía de esófago, estómago y duodeno, simple en niños ";89910
4656;1701058;"Test de esfuerzo con consumo de oxígeno (adultos y niños)";55510
6524;401074;"Tránsito colónico con marcadores";87360
6413;401047;"Radiografía columna lumbar o lumbosacra  flexión y  extensión (Dinámicas)";112840
8633;401053;"Radiografía de Sacrocoxis o articulaciones sacroilíacas.";96960
4324;401054;"Radiografía de brazo, antebrazo, codo, muñeca, mano, dedos, pie  (frontal y lateral)";9680
7165;402001;"Vía lagrimal unilateral";161920
6491;402041;"Flebografía selectiva de venas hepáticas, renales, gonadales, pélvicas. (a.c. 17-01-027)";136500
5010;2704016;"Endodoncia unirradicular";117580
6396;704025;"Rodaja de Tejido óseo (Liofilizado/congelado), c/u";465000
5549;403105;"Tomografía Computarizada Angio de Pelvis";459200
6925;403017;"Tomografía Computarizada Musculoesquelética por zona anatómica. Por cada segmento o articulación: muslo, pierna, rodillas, antebrazo, codo, muñeca, mano, hombro, pie, tobillo u otros. Bilateral sólo para rodillas";427280
6075;2702108;Telerradiografía;80000
3597;1901019-3;"Instilación vesical (incluye colocación de sonda) proc. aut.";41750
1432;404014;"Ecografía testicular (unilateral o bilateral) (Incluye Doppler)";132510
6404;1902051-5;Uretrostomía;164990
4158;2908086;"5 Fluorouracilo (por una vez)";970710
7421;1402024-6;"Quistes y/o fístulas del conducto tirogloso, y/o branquial, y/o higroma, y/o fístula preauricular complicada, y/u otros quistes y/o tumores benignos, trat. quir.";1555680
9730;1202006-3;"Extirpación de saco y/o glándula lagrimal";115500
6566;405036;"Resonancia magnética espectroscopía encefálica";818920
6566;1103061-8;"Sección de nervio, reparación sin injerto";583260
7788;501115;"Detección divertículo Meckel";37790
8391;501117;"Cintigrafía renal con D.M.S.A.";37790
5534;501126;"Cintigrafía evaluación infecciones (leucocitos, infecton, granulocitos u otros) (no incluye radiofármaco ni procedimiento).";604800
4456;501128;"Detección y/o marcación de ganglio centinela, no incluye, punción ni detección con gammaprobe";378000
7651;501130;"Exploración sistémica con I-131 (incluye mediciones fase precoz y tardía)";1134100
5125;501132;"Estudio de tumores (anticuerpos monoclonales, octreoscan, DMSA pentavalente, prostacint u otros) (no incluye radioisótopo)";151190
9564;501133;"Spect - Tomografía por emisión fotón único, cualquier órgano (no incluye radioisótopo)";340200
2752;502002;"Dosis terapéuticas con I-131 entre 31 a 100 mCi.";850500
3190;1201033;"Vía lagrimal, cateterismo o sondaje en niños";140720
3190;601106;"Atención Kinesiológica Integral Domiciliaria";28140
8891;1707024-3;"Pleuroscopia (toracoscopia) c/s biopsia";49180
5176;608203;"Telerehabilitación: Intervención terapia ocupacional en actividades de la vida diaria, básicas, instrumentales y avanzadas";27580
3796;702109;"Irradiación de componente sanguíneo por unidad";38900
5848;702201;"Calificación microbiológica por donante estudiado, componente sanguíneo producido o producto de aféresis automática";227920
3898;702209;"Subgrupo ABO ";21550
4080;702301;"Transfusión en adulto por unidad o subunidad de glóbulos rojos o unidad / subunidad o pool de: plasma, plaquetas o crioprecipitados (atención ambulatoria, atención cerrada siempre que la administración sea controlada por profesional especialista, tecnólogo médico o médico responsable)  ";78610
3337;2104060-6;"Cúpula radial, resección";1605940
3337;2908095;"Abiraterona  (mensual)";238830
7059;704022;"Parche de 5x5 cm (25 cm2 c/u) Amnios";140680
3165;801001;"Citodiagnóstico corriente, exfoliativa (Papanicolau) (por cada placa)";41880
3289;801003;"Estudio histopatológico con microscopia electrónica (por cada grilla)";228270
2150;801005;"Estudio histopatológico con técnicas histoquímicas, niveles, decalcificación (por cada lámina)";127500
1560;1202007-6;"Reconstitución vía lagrimal en ausencia del saco";1282750
9586;908103;"Telerehabilitación: Sesión de psicoterapia de pareja (con ambos miembros)";73750
4555;1101140;"Esclerosis Múltiple Remitente Recurrente,  Tratamiento médico farmacológico  Anual (incluye inmunomoduladores)";76148340
6647;1101044;"Monitoreo E.E.G. continuo de 24 hrs.";447570
7088;1301005;"Sinusoscopia de cada seno maxilar por punción, c/s biopsia, c/s toma de muestras";61740
3634;1101053;"Polisomnografía con titulación de CPAP y/o VMNI noche completa";646280
2949;1901006-3;"Biopsia renal transparietal";74000
4923;1101010;"Electromiografías cualquier región, por ej.: músculos faciales, faringe, paravertebrales, vejiga y periné, test  de miastenia (incluye el estudio clínico y muestreo suficientes para diagnosticar naturaleza del trastorno y estado evolutivo), c/u";61360
8535;1101011;"Potenciales evocados en corteza ( por ej.: auditivo, ocular o corporales), c/u";64960
3993;1402020-5;"**Conductos salivales de excreción, reimplantación oro-faríngea";730200
8711;1302057-5;"Tumor nasal, extirp. por rinotomía lateral";379720
3846;1103023-12;"Hematoma intracerebral, vaciamiento de";2894850
2226;1302058-5;"Vaciamiento etmoidal por vía nasal c/s polipectomía";788950
5528;1707055;"Saturación de O2 en reposo y ejercicio y O2 100% (con oxímetro) ";3700
4949;1103040-7;"Neurolisis o microcompresión percutánea";1220680
1970;1103041-12;"Cirugía de la epilepsia (cualquier técnica)";620410
8510;1202019-4;"Entropión, plastía de";662940
7799;1103047-12;"Disrafias espinales: meningocele, mielomeningocele, diastematomielia, lipoma, lipomeningocele, médula anclada, etc.";3485920
2714;1402029-3;"Resección cutánea simple (sutura primaria)";143100
7172;1601113-2;"Fototerapia UVB, Banda Angosta y UVA por sesión en cabina";70400
3138;1803025-8;"Pólipo rectal, trat.quir. por vía abdominal";1472200
2898;1902054-5;"Tratamiento quirúrgico de absceso prostático y/o vesículas seminales, cualquier vía o técnica";1642950
4914;1103067-7;"Liberación de nervio cubital a nivel del codo, cualquier técnica";243120
6214;1301040-2;"Lesiones del oído externo y/o medio, curación bajo microscopio (proc. aut.)";13260
6895;1302025-1;"**Drenaje de absceso o flegmón periamigdaliano";75920
3186;1201029-2;"Cuerpo extraño conjuntival y/o corneal en adultos";17640
3973;2104172-6;"Pseudoartrosis, c/s osteosíntesis  (cualquier técnica) pierna";2139030
3823;2106003-5;"Retiro de tornillos, clavos, agujas de osteosíntesis o similares";157620
1513;1202004-2;"Absceso, vaciamiento y/o drenaje de saco y/o glándula lagrimal";175280
6853;1202011-3;"Biopsia de párpado y/o anexos (proc. aut.)";211400
6540;1202014-3;"Blefarorrafia con blefarotomía posterior";310590
6164;1202023-5;"Tumor maligno de párpado o ceja, trat. quir. completo";625680
8146;1202026-4;"Pterigión y/o pseudopterigión o su recidiva, extirpación";436800
3083;1202028-4;"Extirpación de tumor benigno de la conjuntiva";309680
3083;1301010;"Calibración de audífonos o implantes";37440
4228;1802022-11;"Gastrectomía total";2523800
4974;1202041-5;"Cirugía refractiva, queratotomía radial o similar con bisturí de diamante";229460
9810;1801026-2;"Dilatación de estenosis benignas o malignas del tracto digestivo por bujía";60160
3018;1902066-5;"Orquidopexia unilateral";912750
3018;1202070-6;"Sinequiotomía (proc. aut.)";247380
2377;1601125;"Terapia fotodinámica (no incluye medicamento) por sesión";440600
8456;1202058-4;"Tumor retinal o coroidal, diatermo y/o crio y/o fotocoagulación de";625680
4873;1704010-6;"Toracotomía mínima c/s resección costal, c/s biopsia, c/s drenaje";822400
9604;1202075-7;"Retinopexia neumática";206510
5788;1202057-4;"Retinopatía proliferativa, (diabética, hipertensiva, eales y otras) panfotocoagulación trat. completo   (incluye endofotocoagulación intraquirúrgica )";1602000
9244;1301047-1;"Nasofibroscopía de la deglución";88980
5056;1402027-2;"Biopsia quir., piel  y mucosa cara (proc. aut.)";272560
4023;1301011;"Potenciales evocados auditivos de tronco cerebral clínicos";78950
3412;1301050;"Audiometría campo libre. Niños y adultos";65750
5850;1301025-2;"**Taponamiento nasal anterior (proc. aut.)";9100
6402;1301044;"Biopsia oído (proc. aut.)";106240
4211;1302004-3;"Extirpación de tumor de conducto auditivo externo";352500
7574;1302009-7;"Operación radical de oído";1944960
2311;2702114;"Tomografía Computada de Cuello Suprahioideo con contraste";493840
9282;2704005;"Prótesis de restitución (fase laboratorio)";197680
1876;1802091-11;"Atresia o estenosis duodenal, páncreas anular, reparación quirúrgica laparoscopia";1102260
3208;1302014-7;"Exostosis u osteoma oído medio o externo, resección por cualquier vía  ";229330
4651;1703070-10;"Vaciamiento mediastínico ántero-superior";1529400
8369;1302016-7;"Reconstitución de conducto auditivo externo, c/s timpanoplastía (incluye revisión de cadena osicular)";1894900
2624;1302023-2;"**Sección y/o resección frenillos cavidad bucal";74280
5571;1302024-1;"**Drenaje de absceso o flegmón de piso de boca";76470
3779;2106001-9;"**Retiro de endoprótesis u osteosíntesis internas articulares o de columna vertebral";2541150
4441;1703014-10;"Endarterectomía carotídea, subclavia, vertebral, femoral, o similar  c/s injerto (proc. aut.)";4372800
9801;1701030;"Punción evacuadora de pericardio, c/s toma de muestra c/s inyección de medicamento";46830
9541;1302099-5;"Sinuplastía seno frontal con balón por endoscopía u otra técnica";1481520
3318;1302095-8;"Resección lateral del hueso temporal (incluye mástoides y conducto auditivo externo en forma circular)";3190000
1458;1801022;"Instalación sonda de Sengstaken";19060
7283;2104029-5;"Sinovectomías quirúrgicas de codo o muñeca o metacarpofalángicas, c/u";179360
2464;1502016-7;"- Colgajos complejos (Abbe, Mustarda, Converse, Juri, Bakamjian o similar)";1215600
2464;1302062-3;"Tumor benigno de cuerdas vocales, trat. quirúrgico por vía abierta ";734950
6121;1302063-3;"Tumor benigno de cuerdas vocales, trat. quirúrgico por vía endoscópica";734950
1622;1502025-4;"Orejas aladas o en asa, corrección plástica";1559430
6501;1302072-5;"Traqueostomía (proc. aut.)";182550
7535;1303010;"Evaluación Integral de Fonoaudiologo";116820
4102;1803017-5;"Fisura anal, repar. quir.";778880
7599;1701061;"Arteriografía selectiva o superselectiva pulmonar en adultos o niños (incl. proc. rad.)";1102320
7599;1402003-9;"Bocio intratorácico, trat. quir. por esternotomía";897160
7540;1402013-9;"Parotidectomía total ampliada (incluye músculos, ganglios, articulaciones y rama vertical de la mandíbula)";4955440
7110;1402021-3;"**Cierre de fístula salival: reparación del conducto de excreción";164540
4653;2001020;"Test postcoital";39990
1249;2104013-6;"**Osteomielitis aguda hematógena, drenaje quirúrgico, c/s dispositivos de osteoclisis";229490
8797;1803041-12;"Cirugía reparadora en Enfermedad de Hirschsprung vía abdomino-perineal";4405800
9053;1502002-2;"Heridas de la cara simples: 1 o varias de hasta 5 cms. que sólo comprometen piel";121050
2412;1802070-9;"Hartmann, operación de (o similar)";1045740
4481;1502023-6;"Ridectomía cérvico-facial, un lado";1756640
9841;1902076-5;"Vasectomía bilateral, (proc. aut.) (la vasectomía como tiempo previo a una resección de próstata esta incluida en la prostatectomía)";365100
7983;1502036-5;"**Cierre de macrostomía, unilateral";182550
2684;1502038-6;"**Reconstrucción osteoplástica reborde alveolar bilateral en un tiempo";1099320
3524;1803034-9;"Resección anterior de recto";2338450
6620;1502061-4;"Escarotomía hasta 10 % superficie corporal";82080
4144;1502062-2;"Escarotomía por cada 10 % adicional (o su fracción)";27850
1317;1601120-1;"Tratamiento abrasivo cutáneo mecánico por sesión";105720
8543;1601121-1;"Tratamiento abrasivo cutáneo químico por sesión";211520
8543;2001010;"Monitoreo fetal estresante, con control permanente del especialista y tratamiento de las posibles complicaciones";65560
3814;1601126-1;"Dermatoscopía digital con registro gráfico o digital hasta 5 lesiones";36240
2528;1602241-3;"Curación por Médico, Quemadura o Similar  5 a 10% superficie corporal en pabellón";53220
1463;2908039;"MPT (Melfalan - Prednisona - Talidomida) (ciclo)";787040
3966;1802102-10;"Atresia o estenosis yeyuno-ileal, reparación primaria abierta";1356680
7424;1802048-7;"Secuestrectomía en pancreatitis aguda";2733060
7424;2104109-3;"Tenosinovitis séptica, trat. quir. mano";200490
5160;1701057;"Ecocardiograma de estrés (incluye medicamento)";61350
4202;2705018-4;"Sutura completa de herida mayor";417600
3066;1701066;"Arteriografía selectiva o superselectiva hepática en adultos o niños (incl. proc. rad.)";1102320
5107;1701067;"Arteriografía selectiva o superselectiva mesentérica en adultos o niños (incl. proc. rad.)";367440
7783;1703006-8;"Reparación quirúrgica de vasos arteriales y/o venosos periféricos c/s injerto (biológicos o sintéticos)";1288080
4780;1801019;"Drenaje de la vía biliar transhepática y/o percutáneo ";171540
8014;2104113-13;"Escoliosis, trat. quir., cualquier vía de abordaje, e instrumentación de Harrington,  Luque, Dwyer o similares ";9216200
6393;2704003;"Prótesis de restitución (fase clínica)";340200
8931;2104011-5;"Tratamiento completo de fracturas expuestas de mano o pie, c/u      ";427540
1978;1704069-11;"Cirugía de tumores o malformaciones diafragmaticos por videotoracoscopia";3351760
2792;1703062-14;"- De complejidad mediana: incluye comunicación interventricular, reemplazo univalvular, uno o dos puentes aortocoronarios; aneurisma ventricular, corrección de Wolf-Parkinson White y otras arritmias";2934870
8099;1704026-10;"Pleurodesis por toracotomía";1733000
3851;2908067;"Pemetrexed - Carboplatino (ciclo)";276900
5211;1704050-9;"Tumores benignos y/o quistes esofágicos,  trat. quir., vía cervical";1352650
8246;2104103-6;"Reparación flexores: primer tiempo espaciador silastic";688260
2292;1801049-1;"Manometría anorrectal alta resolución";281040
1529;2104075-6;"Pseudoartrosis  cúbito y/o radio c/s osteosíntesis c/s yeso";2294800
6194;1707010;"Curva de lavado de nitrógeno (N)";154980
5939;2704007;"Reparación corona";8710
2205;1707025;"Procedimiento para determinar gasometría arterial en reposo y ejercicio ";9880
2205;2703108;"Exodoncia diente primario";3610
7274;1707063;"Poligrafía cardiorrespiratoria del sueño ambulatoria";539820
2693;1801011;"Manometría esofágica convencional";110350
1913;1801027-4;"Instalación prótesis plástica (s) en vía biliar o pancreática";249120
3927;1803004-5;"Biopsia quirúrgica rectal (proc. aut.)";392350
1284;1802101-8;"Hernia abdominal por laparotomía (incluye malla)";2976900
6975;1803036;"A los cirujanos del equipo perineal en cada intervención anterior cód.18-03-029, 18-03-032, y 18-03-033";413760
9102;2104133-7;"Luxación traumática de cadera, reducción cruenta";646880
3431;2701114;"Trabajo comunitario";53200
8561;2104065-6;"Luxofractura de codo, reducción cruenta c/s resección cúpula radial";688470
4189;1802062-7;"Persistencia conducto onfalomesentérico, trat. quir.";873320
6159;1802073-9;"Reconstitución  tránsito post operación de Hartmann o sim.";5228700
1894;2908071;"Pemetrexed - Cisplatino (ciclo)";516360
5554;1901009-3;"Electromiografía perineal y del esfínter uretral en niños (proc.aut.)";14840
7458;1901022;"Vaciamiento vesical por sonda uretral, (proc. aut.)";70720
1435;1902008-7;"Lumbotomía exploradora c/s dren., c/s biopsia (proc. aut.)";2741300
1435;2908074;"Docetaxel - Carboplatino (ciclo)";1594980
9798;1902045-8;"Incontinencia urinaria de esfuerzo o d.i.e. (disfunción intrínseca del esfínter), cualquier vía única o combinada, con o sin instalación de mallas, elementos protésicos o esfínter artificial.";1562950
9632;2104203-4;"Tratamiento quir., dedos en gatillo, cualquier número téc. WALANT (anestesia local sin torniquete)";201120
2058;1902083-5;"Cirugía traumatismo peneano o curvaturas  adquiridas de la albugínea";1807920
1751;2703113;"Acceso Cavitario";34790
2746;2003026-4;"Bartolinitis, vaciamiento y drenaje (proc. aut.)";232900
5676;2004011;"Honorario de Matrona por atención integral en control y manejo del trabajo de parto (periodo expulsivo, asistencia al pabellón quirúrgico en caso de cesárea)";218520
6619;2104099-4;"Osteosíntesis metacarpianas o de falanges, cualquier técnica";1206720
8022;2704025;"Instilación de Glándula Salival (c/u) (Procedimiento)";20040
2835;2908038;"Capecitabina (ciclo)";205310
6336;2105008-2;"Yeso pelvipedio bilateral";163840
5098;2704026;"Infiltración de la Articulación Temporomandibular, por sesión";30040
3048;2703115;"Recubrimiento Directo";17950
8124;2908059;"Rituximab - Ciclofosfamida - Dexametasona (ciclo)";1133920
